{
	"groups": [
		{
			"title": "JSN_EXTFW_CONFIGURATION_GENERAL",
			"controls": {
				"replace_default_editor": {
					"type": "radio",
					"label": "JSN_PAGEBUILDER4_REPLACE_DEFAULT_EDITOR",
					"hint": "JSN_PAGEBUILDER4_REPLACE_DEFAULT_EDITOR_DESC",
					"inline": true,
					"default": 0,
					"options": [
						{
							"label": "JYES",
							"value": 1
						},
						{
							"label": "JNO",
							"value": 0
						}
					],
					"class": "row",
					"labelClass": "col-auto",
					"inputClass": "col-auto"
				},
				"live_chat_popup": {
					"type": "radio",
					"label": "JSN_PAGEBUILDER4_LIVE_CHAT_POPUP",
					"hint": "JSN_PAGEBUILDER4_LIVE_CHAT_POPUP_DESC",
					"inline": true,
					"default": 1,
					"options": [
						{
							"label": "JYES",
							"value": 1
						},
						{
							"label": "JNO",
							"value": 0
						}
					],
					"class": "row",
					"labelClass": "col-auto",
					"inputClass": "col-auto"
				},
				"browser_level_image_lazy_loading": {
					"type": "radio",
					"label": "JSN_PAGEBUILDER4_BROWSER_LEVEL_IMAGE_LAZY_LOADING",
					"hint": "JSN_PAGEBUILDER4_BROWSER_LEVEL_IMAGE_LAZY_LOADING_DESC",
					"inline": true,
					"default": 1,
					"options": [
						{
							"label": "JYES",
							"value": 1
						},
						{
							"label": "JNO",
							"value": 0
						}
					],
					"class": "row",
					"labelClass": "col-auto",
					"inputClass": "col-auto"
				}
			}
		},
		{
			"title": "JSN_PAGEBUILDER4_CONFIG_REVISION_SETTINGS",
			"controls": {
				"auto_save_interval": {
					"type": "number",
					"label": "JSN_PAGEBUILDER4_AUTO_SAVE_TIMER",
					"hint": "JSN_PAGEBUILDER4_AUTO_SAVE_TIMER_DESC",
					"default": 15,
					"class": "row",
					"labelClass": "col-auto",
					"inputClass": "col-auto"
				},
				"max_saved_revision": {
					"type": "number",
					"label": "JSN_PAGEBUILDER4_REVISION_LIMIT",
					"hint": "JSN_PAGEBUILDER4_REVISION_LIMIT_DESC",
					"default": 30,
					"class": "row",
					"labelClass": "col-auto",
					"inputClass": "col-auto"
				}
			}
		}
	]
}
