{
	"groups": [
		{
			"controls": {
				"supported_components": {
					"type": "supported-components",
					"default": ["com_content", "com_modules"],
					"filter": "array",
					"options": [
						{
							"label": "JSN_PAGEBUILDER4_JOOMLA_ARTICLE_SUPPORT",
							"value": "com_content",
							"image": "components/com_pagebuilder4/assets/images/joomla-article-logo.svg",
							"hint": "JSN_PAGEBUILDER4_JOOMLA_ARTICLE_SUPPORT_DESC"
						},
						{
							"label": "JSN_PAGEBUILDER4_JOOMLA_CUSTOM_MODULE_SUPPORT",
							"value": "com_modules",
							"image": "components/com_pagebuilder4/assets/images/joomla-module-logo.svg",
							"hint": "JSN_PAGEBUILDER4_JOOMLA_CUSTOM_MODULE_SUPPORT_DESC"
						}
					]
				}
			}
		}
	]
}
